INSERT INTO CivicModifiers (CivicType, ModifierId)
VALUES 
('CIVIC_CODE_OF_LAWS', 'add_gov_slot0'),
('CIVIC_CODE_OF_LAWS', 'add_gov_slot1'),
('CIVIC_CODE_OF_LAWS', 'add_gov_slot2'),
('CIVIC_CODE_OF_LAWS', 'add_gov_slot3'),
('CIVIC_CODE_OF_LAWS', 'add_gov_slot4'),
('CIVIC_CODE_OF_LAWS', 'add_gov_slot5'),
('CIVIC_CODE_OF_LAWS', 'add_gov_slot6'),
('CIVIC_CODE_OF_LAWS', 'add_gov_slot7'),
('CIVIC_CODE_OF_LAWS', 'add_gov_slot8'),
('CIVIC_CODE_OF_LAWS', 'add_gov_slot9'),
('CIVIC_CODE_OF_LAWS', 'add_gov_slot10'),
('CIVIC_CODE_OF_LAWS', 'add_gov_slot11'),
('CIVIC_CODE_OF_LAWS', 'add_gov_slot12'),
('CIVIC_CODE_OF_LAWS', 'add_gov_slot13'),
('CIVIC_CODE_OF_LAWS', 'add_gov_slot14'),
('CIVIC_CODE_OF_LAWS', 'add_gov_slot15'),
('CIVIC_CODE_OF_LAWS', 'add_gov_slot16'),
('CIVIC_CODE_OF_LAWS', 'add_gov_slot17'),
('CIVIC_CODE_OF_LAWS', 'add_gov_slot18'),
('CIVIC_CODE_OF_LAWS', 'add_gov_slot19'),
('CIVIC_CODE_OF_LAWS', 'add_gov_slot20'),
('CIVIC_CODE_OF_LAWS', 'add_gov_slot21'),
('CIVIC_CODE_OF_LAWS', 'add_gov_slot22'),
('CIVIC_CODE_OF_LAWS', 'add_gov_slot23'),
('CIVIC_CODE_OF_LAWS', 'add_gov_slot24'),
('CIVIC_CODE_OF_LAWS', 'add_gov_slot25'),
('CIVIC_CODE_OF_LAWS', 'add_gov_slot26'),
('CIVIC_CODE_OF_LAWS', 'add_gov_slot27'),
('CIVIC_CODE_OF_LAWS', 'add_gov_slot28'),
('CIVIC_CODE_OF_LAWS', 'add_gov_slot29'),
('CIVIC_CODE_OF_LAWS', 'add_gov_slot30'),
('CIVIC_CODE_OF_LAWS', 'add_gov_slot31'),
('CIVIC_CODE_OF_LAWS', 'add_gov_slot32'),
('CIVIC_CODE_OF_LAWS', 'add_gov_slot33'),
('CIVIC_CODE_OF_LAWS', 'add_gov_slot34'),
('CIVIC_CODE_OF_LAWS', 'add_gov_slot35'),
('CIVIC_CODE_OF_LAWS', 'add_gov_slot36'),
('CIVIC_CODE_OF_LAWS', 'add_gov_slot37'),
('CIVIC_CODE_OF_LAWS', 'add_gov_slot38'),
('CIVIC_CODE_OF_LAWS', 'add_gov_slot39'),
('CIVIC_CODE_OF_LAWS', 'add_gov_slot40'),
('CIVIC_CODE_OF_LAWS', 'add_gov_slot41'),
('CIVIC_CODE_OF_LAWS', 'add_gov_slot42'),
('CIVIC_CODE_OF_LAWS', 'add_gov_slot43'),
('CIVIC_CODE_OF_LAWS', 'add_gov_slot44'),
('CIVIC_CODE_OF_LAWS', 'add_gov_slot45'),
('CIVIC_CODE_OF_LAWS', 'add_gov_slot46'),
('CIVIC_CODE_OF_LAWS', 'add_gov_slot47'),
('CIVIC_CODE_OF_LAWS', 'add_gov_slot48'),
('CIVIC_CODE_OF_LAWS', 'add_gov_slot49'),
('CIVIC_CODE_OF_LAWS', 'add_gov_slot50'),
('CIVIC_CODE_OF_LAWS', 'add_gov_slot51'),
('CIVIC_CODE_OF_LAWS', 'add_gov_slot52'),
('CIVIC_CODE_OF_LAWS', 'add_gov_slot53'),
('CIVIC_CODE_OF_LAWS', 'add_gov_slot54'),
('CIVIC_CODE_OF_LAWS', 'add_gov_slot55'),
('CIVIC_CODE_OF_LAWS', 'add_gov_slot56'),
('CIVIC_CODE_OF_LAWS', 'add_gov_slot57'),
('CIVIC_CODE_OF_LAWS', 'add_gov_slot58'),
('CIVIC_CODE_OF_LAWS', 'add_gov_slot59');
INSERT INTO Modifiers (ModifierId,ModifierType,RunOnce,Permanent,NewOnly,OwnerRequirementSetId,SubjectRequirementSetId)
VALUES 
('add_gov_slot0','MODIFIER_PLAYER_CULTURE_ADJUST_GOVERNMENT_SLOTS_MODIFIER',0,0,0,NULL,'ReqSet_human'),
('add_gov_slot1','MODIFIER_PLAYER_CULTURE_ADJUST_GOVERNMENT_SLOTS_MODIFIER',0,0,0,NULL,'ReqSet_human'),
('add_gov_slot2','MODIFIER_PLAYER_CULTURE_ADJUST_GOVERNMENT_SLOTS_MODIFIER',0,0,0,NULL,'ReqSet_human'),
('add_gov_slot3','MODIFIER_PLAYER_CULTURE_ADJUST_GOVERNMENT_SLOTS_MODIFIER',0,0,0,NULL,'ReqSet_human'),
('add_gov_slot4','MODIFIER_PLAYER_CULTURE_ADJUST_GOVERNMENT_SLOTS_MODIFIER',0,0,0,NULL,'ReqSet_human'),
('add_gov_slot5','MODIFIER_PLAYER_CULTURE_ADJUST_GOVERNMENT_SLOTS_MODIFIER',0,0,0,NULL,'ReqSet_human'),
('add_gov_slot6','MODIFIER_PLAYER_CULTURE_ADJUST_GOVERNMENT_SLOTS_MODIFIER',0,0,0,NULL,'ReqSet_human'),
('add_gov_slot7','MODIFIER_PLAYER_CULTURE_ADJUST_GOVERNMENT_SLOTS_MODIFIER',0,0,0,NULL,'ReqSet_human'),
('add_gov_slot8','MODIFIER_PLAYER_CULTURE_ADJUST_GOVERNMENT_SLOTS_MODIFIER',0,0,0,NULL,'ReqSet_human'),
('add_gov_slot9','MODIFIER_PLAYER_CULTURE_ADJUST_GOVERNMENT_SLOTS_MODIFIER',0,0,0,NULL,'ReqSet_human'),
('add_gov_slot10','MODIFIER_PLAYER_CULTURE_ADJUST_GOVERNMENT_SLOTS_MODIFIER',0,0,0,NULL,'ReqSet_human'),
('add_gov_slot11','MODIFIER_PLAYER_CULTURE_ADJUST_GOVERNMENT_SLOTS_MODIFIER',0,0,0,NULL,'ReqSet_human'),
('add_gov_slot12','MODIFIER_PLAYER_CULTURE_ADJUST_GOVERNMENT_SLOTS_MODIFIER',0,0,0,NULL,'ReqSet_human'),
('add_gov_slot13','MODIFIER_PLAYER_CULTURE_ADJUST_GOVERNMENT_SLOTS_MODIFIER',0,0,0,NULL,'ReqSet_human'),
('add_gov_slot14','MODIFIER_PLAYER_CULTURE_ADJUST_GOVERNMENT_SLOTS_MODIFIER',0,0,0,NULL,'ReqSet_human'),
('add_gov_slot15','MODIFIER_PLAYER_CULTURE_ADJUST_GOVERNMENT_SLOTS_MODIFIER',0,0,0,NULL,'ReqSet_human'),
('add_gov_slot16','MODIFIER_PLAYER_CULTURE_ADJUST_GOVERNMENT_SLOTS_MODIFIER',0,0,0,NULL,'ReqSet_human'),
('add_gov_slot17','MODIFIER_PLAYER_CULTURE_ADJUST_GOVERNMENT_SLOTS_MODIFIER',0,0,0,NULL,'ReqSet_human'),
('add_gov_slot18','MODIFIER_PLAYER_CULTURE_ADJUST_GOVERNMENT_SLOTS_MODIFIER',0,0,0,NULL,'ReqSet_human'),
('add_gov_slot19','MODIFIER_PLAYER_CULTURE_ADJUST_GOVERNMENT_SLOTS_MODIFIER',0,0,0,NULL,'ReqSet_human'),
('add_gov_slot20','MODIFIER_PLAYER_CULTURE_ADJUST_GOVERNMENT_SLOTS_MODIFIER',0,0,0,NULL,'ReqSet_human'),
('add_gov_slot21','MODIFIER_PLAYER_CULTURE_ADJUST_GOVERNMENT_SLOTS_MODIFIER',0,0,0,NULL,'ReqSet_human'),
('add_gov_slot22','MODIFIER_PLAYER_CULTURE_ADJUST_GOVERNMENT_SLOTS_MODIFIER',0,0,0,NULL,'ReqSet_human'),
('add_gov_slot23','MODIFIER_PLAYER_CULTURE_ADJUST_GOVERNMENT_SLOTS_MODIFIER',0,0,0,NULL,'ReqSet_human'),
('add_gov_slot24','MODIFIER_PLAYER_CULTURE_ADJUST_GOVERNMENT_SLOTS_MODIFIER',0,0,0,NULL,'ReqSet_human'),
('add_gov_slot25','MODIFIER_PLAYER_CULTURE_ADJUST_GOVERNMENT_SLOTS_MODIFIER',0,0,0,NULL,'ReqSet_human'),
('add_gov_slot26','MODIFIER_PLAYER_CULTURE_ADJUST_GOVERNMENT_SLOTS_MODIFIER',0,0,0,NULL,'ReqSet_human'),
('add_gov_slot27','MODIFIER_PLAYER_CULTURE_ADJUST_GOVERNMENT_SLOTS_MODIFIER',0,0,0,NULL,'ReqSet_human'),
('add_gov_slot28','MODIFIER_PLAYER_CULTURE_ADJUST_GOVERNMENT_SLOTS_MODIFIER',0,0,0,NULL,'ReqSet_human'),
('add_gov_slot29','MODIFIER_PLAYER_CULTURE_ADJUST_GOVERNMENT_SLOTS_MODIFIER',0,0,0,NULL,'ReqSet_human'),
('add_gov_slot30','MODIFIER_PLAYER_CULTURE_ADJUST_GOVERNMENT_SLOTS_MODIFIER',0,0,0,NULL,'ReqSet_human'),
('add_gov_slot31','MODIFIER_PLAYER_CULTURE_ADJUST_GOVERNMENT_SLOTS_MODIFIER',0,0,0,NULL,'ReqSet_human'),
('add_gov_slot32','MODIFIER_PLAYER_CULTURE_ADJUST_GOVERNMENT_SLOTS_MODIFIER',0,0,0,NULL,'ReqSet_human'),
('add_gov_slot33','MODIFIER_PLAYER_CULTURE_ADJUST_GOVERNMENT_SLOTS_MODIFIER',0,0,0,NULL,'ReqSet_human'),
('add_gov_slot34','MODIFIER_PLAYER_CULTURE_ADJUST_GOVERNMENT_SLOTS_MODIFIER',0,0,0,NULL,'ReqSet_human'),
('add_gov_slot35','MODIFIER_PLAYER_CULTURE_ADJUST_GOVERNMENT_SLOTS_MODIFIER',0,0,0,NULL,'ReqSet_human'),
('add_gov_slot36','MODIFIER_PLAYER_CULTURE_ADJUST_GOVERNMENT_SLOTS_MODIFIER',0,0,0,NULL,'ReqSet_human'),
('add_gov_slot37','MODIFIER_PLAYER_CULTURE_ADJUST_GOVERNMENT_SLOTS_MODIFIER',0,0,0,NULL,'ReqSet_human'),
('add_gov_slot38','MODIFIER_PLAYER_CULTURE_ADJUST_GOVERNMENT_SLOTS_MODIFIER',0,0,0,NULL,'ReqSet_human'),
('add_gov_slot39','MODIFIER_PLAYER_CULTURE_ADJUST_GOVERNMENT_SLOTS_MODIFIER',0,0,0,NULL,'ReqSet_human'),
('add_gov_slot40','MODIFIER_PLAYER_CULTURE_ADJUST_GOVERNMENT_SLOTS_MODIFIER',0,0,0,NULL,'ReqSet_human'),
('add_gov_slot41','MODIFIER_PLAYER_CULTURE_ADJUST_GOVERNMENT_SLOTS_MODIFIER',0,0,0,NULL,'ReqSet_human'),
('add_gov_slot42','MODIFIER_PLAYER_CULTURE_ADJUST_GOVERNMENT_SLOTS_MODIFIER',0,0,0,NULL,'ReqSet_human'),
('add_gov_slot43','MODIFIER_PLAYER_CULTURE_ADJUST_GOVERNMENT_SLOTS_MODIFIER',0,0,0,NULL,'ReqSet_human'),
('add_gov_slot44','MODIFIER_PLAYER_CULTURE_ADJUST_GOVERNMENT_SLOTS_MODIFIER',0,0,0,NULL,'ReqSet_human'),
('add_gov_slot45','MODIFIER_PLAYER_CULTURE_ADJUST_GOVERNMENT_SLOTS_MODIFIER',0,0,0,NULL,'ReqSet_human'),
('add_gov_slot46','MODIFIER_PLAYER_CULTURE_ADJUST_GOVERNMENT_SLOTS_MODIFIER',0,0,0,NULL,'ReqSet_human'),
('add_gov_slot47','MODIFIER_PLAYER_CULTURE_ADJUST_GOVERNMENT_SLOTS_MODIFIER',0,0,0,NULL,'ReqSet_human'),
('add_gov_slot48','MODIFIER_PLAYER_CULTURE_ADJUST_GOVERNMENT_SLOTS_MODIFIER',0,0,0,NULL,'ReqSet_human'),
('add_gov_slot49','MODIFIER_PLAYER_CULTURE_ADJUST_GOVERNMENT_SLOTS_MODIFIER',0,0,0,NULL,'ReqSet_human'),
('add_gov_slot50','MODIFIER_PLAYER_CULTURE_ADJUST_GOVERNMENT_SLOTS_MODIFIER',0,0,0,NULL,'ReqSet_human'),
('add_gov_slot51','MODIFIER_PLAYER_CULTURE_ADJUST_GOVERNMENT_SLOTS_MODIFIER',0,0,0,NULL,'ReqSet_human'),
('add_gov_slot52','MODIFIER_PLAYER_CULTURE_ADJUST_GOVERNMENT_SLOTS_MODIFIER',0,0,0,NULL,'ReqSet_human'),
('add_gov_slot53','MODIFIER_PLAYER_CULTURE_ADJUST_GOVERNMENT_SLOTS_MODIFIER',0,0,0,NULL,'ReqSet_human'),
('add_gov_slot54','MODIFIER_PLAYER_CULTURE_ADJUST_GOVERNMENT_SLOTS_MODIFIER',0,0,0,NULL,'ReqSet_human'),
('add_gov_slot55','MODIFIER_PLAYER_CULTURE_ADJUST_GOVERNMENT_SLOTS_MODIFIER',0,0,0,NULL,'ReqSet_human'),
('add_gov_slot56','MODIFIER_PLAYER_CULTURE_ADJUST_GOVERNMENT_SLOTS_MODIFIER',0,0,0,NULL,'ReqSet_human'),
('add_gov_slot57','MODIFIER_PLAYER_CULTURE_ADJUST_GOVERNMENT_SLOTS_MODIFIER',0,0,0,NULL,'ReqSet_human'),
('add_gov_slot58','MODIFIER_PLAYER_CULTURE_ADJUST_GOVERNMENT_SLOTS_MODIFIER',0,0,0,NULL,'ReqSet_human'),
('add_gov_slot59','MODIFIER_PLAYER_CULTURE_ADJUST_GOVERNMENT_SLOTS_MODIFIER',0,0,0,NULL,'ReqSet_human');
INSERT INTO ModifierArguments (ModifierId, Name, Value)
VALUES 
('add_gov_slot0','GovernmentSlotType','SLOT_MILITARY'),
('add_gov_slot1','GovernmentSlotType','SLOT_MILITARY'),
('add_gov_slot2','GovernmentSlotType','SLOT_MILITARY'),
('add_gov_slot3','GovernmentSlotType','SLOT_MILITARY'),
('add_gov_slot4','GovernmentSlotType','SLOT_MILITARY'),
('add_gov_slot5','GovernmentSlotType','SLOT_MILITARY'),
('add_gov_slot6','GovernmentSlotType','SLOT_MILITARY'),
('add_gov_slot7','GovernmentSlotType','SLOT_MILITARY'),
('add_gov_slot8','GovernmentSlotType','SLOT_MILITARY'),
('add_gov_slot9','GovernmentSlotType','SLOT_MILITARY'),
('add_gov_slot10','GovernmentSlotType','SLOT_MILITARY'),
('add_gov_slot11','GovernmentSlotType','SLOT_MILITARY'),
('add_gov_slot12','GovernmentSlotType','SLOT_MILITARY'),
('add_gov_slot13','GovernmentSlotType','SLOT_MILITARY'),
('add_gov_slot14','GovernmentSlotType','SLOT_MILITARY'),
('add_gov_slot15','GovernmentSlotType','SLOT_ECONOMIC'),
('add_gov_slot16','GovernmentSlotType','SLOT_ECONOMIC'),
('add_gov_slot17','GovernmentSlotType','SLOT_ECONOMIC'),
('add_gov_slot18','GovernmentSlotType','SLOT_ECONOMIC'),
('add_gov_slot19','GovernmentSlotType','SLOT_ECONOMIC'),
('add_gov_slot20','GovernmentSlotType','SLOT_ECONOMIC'),
('add_gov_slot21','GovernmentSlotType','SLOT_ECONOMIC'),
('add_gov_slot22','GovernmentSlotType','SLOT_ECONOMIC'),
('add_gov_slot23','GovernmentSlotType','SLOT_ECONOMIC'),
('add_gov_slot24','GovernmentSlotType','SLOT_ECONOMIC'),
('add_gov_slot25','GovernmentSlotType','SLOT_ECONOMIC'),
('add_gov_slot26','GovernmentSlotType','SLOT_ECONOMIC'),
('add_gov_slot27','GovernmentSlotType','SLOT_ECONOMIC'),
('add_gov_slot28','GovernmentSlotType','SLOT_ECONOMIC'),
('add_gov_slot29','GovernmentSlotType','SLOT_ECONOMIC'),
('add_gov_slot30','GovernmentSlotType','SLOT_DIPLOMATIC'),
('add_gov_slot31','GovernmentSlotType','SLOT_DIPLOMATIC'),
('add_gov_slot32','GovernmentSlotType','SLOT_DIPLOMATIC'),
('add_gov_slot33','GovernmentSlotType','SLOT_DIPLOMATIC'),
('add_gov_slot34','GovernmentSlotType','SLOT_DIPLOMATIC'),
('add_gov_slot35','GovernmentSlotType','SLOT_DIPLOMATIC'),
('add_gov_slot36','GovernmentSlotType','SLOT_DIPLOMATIC'),
('add_gov_slot37','GovernmentSlotType','SLOT_DIPLOMATIC'),
('add_gov_slot38','GovernmentSlotType','SLOT_DIPLOMATIC'),
('add_gov_slot39','GovernmentSlotType','SLOT_DIPLOMATIC'),
('add_gov_slot40','GovernmentSlotType','SLOT_DIPLOMATIC'),
('add_gov_slot41','GovernmentSlotType','SLOT_DIPLOMATIC'),
('add_gov_slot42','GovernmentSlotType','SLOT_DIPLOMATIC'),
('add_gov_slot43','GovernmentSlotType','SLOT_DIPLOMATIC'),
('add_gov_slot44','GovernmentSlotType','SLOT_DIPLOMATIC'),
('add_gov_slot45','GovernmentSlotType','SLOT_WILDCARD'),
('add_gov_slot46','GovernmentSlotType','SLOT_WILDCARD'),
('add_gov_slot47','GovernmentSlotType','SLOT_WILDCARD'),
('add_gov_slot48','GovernmentSlotType','SLOT_WILDCARD'),
('add_gov_slot49','GovernmentSlotType','SLOT_WILDCARD'),
('add_gov_slot50','GovernmentSlotType','SLOT_WILDCARD'),
('add_gov_slot51','GovernmentSlotType','SLOT_WILDCARD'),
('add_gov_slot52','GovernmentSlotType','SLOT_WILDCARD'),
('add_gov_slot53','GovernmentSlotType','SLOT_WILDCARD'),
('add_gov_slot54','GovernmentSlotType','SLOT_WILDCARD'),
('add_gov_slot55','GovernmentSlotType','SLOT_WILDCARD'),
('add_gov_slot56','GovernmentSlotType','SLOT_WILDCARD'),
('add_gov_slot57','GovernmentSlotType','SLOT_WILDCARD'),
('add_gov_slot58','GovernmentSlotType','SLOT_WILDCARD'),
('add_gov_slot59','GovernmentSlotType','SLOT_WILDCARD');
-- RequirementSets
INSERT INTO RequirementSets (RequirementSetId, RequirementSetType)
VALUES 
('ReqSet_human', 'REQUIREMENTSET_TEST_ALL');
INSERT INTO RequirementSetRequirements (RequirementSetId, RequirementId)
VALUES 
('ReqSet_human', 'is_human');
-- Requirements
INSERT INTO Requirements (RequirementId, RequirementType)
VALUES 
('is_human', 'REQUIREMENT_PLAYER_IS_HUMAN');